name,rmse_0,mse_0,mae_0,max_0,rmse_1,mse_1,mae_1,max_1,rmse_2,mse_2,mae_2,max_2,rmse_3,mse_3,mae_3,max_3,rmse_4,mse_4,mae_4,max_4,rmse_5,mse_5,mae_5,max_5,rmse_6,mse_6,mae_6,max_6,rmse_7,mse_7,mae_7,max_7,rmse_8,mse_8,mae_8,max_8
train,1.6652825030259013,2.773165814884211,1.2092562549786148,9.948211426229847,2.7259163844929657,7.430620135247201,1.9984336566118408,16.481697819561873,1.378144008570079,1.8992809083576057,1.0016718010080226,8.250524592031667,1.128932476112326,1.2744885356211078,0.7895617244142258,6.422025622996671,0.9270027464251208,0.8593340918797169,0.6530986798916227,3.9711963956088425,0.8530365575720569,0.7276713685543852,0.6440552836853868,3.228916954754709,0.838588955920816,0.7032314369923642,0.6573808926831638,2.934873940568366,0.8222688347513232,0.6761260366032988,0.6063099189934865,4.861018277516962,1.1451872556751017,1.3114538505606708,0.8756927718749403,4.941523421905231
val,3.051395788741644,9.31101625955024,2.145352032343912,12.483372329792246,4.319752810148113,18.66026434078252,3.1703408748669077,12.08340151883084,2.467747980550801,6.089780095512558,1.724032834398348,7.054037034557439,2.352500287264951,5.534257601581677,1.5838026318903358,7.544893072027946,2.4241413645090826,5.876461355123957,1.585060126563086,7.449069062406636,2.1427204119319905,4.59125076371,1.504113429525159,6.636798312849237,1.9013197024025794,3.6150166107442328,1.2937343563785353,6.867032016723613,1.529008193361698,2.3378660553672037,1.088383546058362,5.603519316052257,1.4916796895858486,2.2251082963229334,1.0760665551365016,5.504334258600025
test,2.798207255545127,7.82996384498539,2.0363436257729206,10.505775050759325,3.167508743458524,10.033111639886195,2.480408325676818,9.044513698798369,2.5457901560382776,6.4810475185813985,1.88201109353936,6.256288359661539,1.9703428267843062,3.8822508550603705,1.463174839303599,5.089331450171414,1.629197692917438,2.6542851226075026,1.2492031051792367,4.185651160329087,1.5989020878461697,2.5564878865188403,1.2793843171960095,4.396697211713558,1.544967111003125,2.3869233740813423,1.1373582460732803,4.26633086291497,1.5010750911375392,2.253226429233572,1.046114547309554,4.373579070202084,1.4966667299908267,2.240011300661434,1.007325663689953,5.352932346072805
